{
  "time": {
    "units": "microseconds",
    "maps.airsimmap.connect": [
      7155138.969421387
    ],
    "drones.airsimdrone.check_collision": [
      2993.345260620117,
      995.8744049072266,
      1998.6629486083984,
      995.8744049072266,
      1994.3714141845703,
      1987.2188568115234,
      999.45068359375,
      1992.940902709961,
      1994.8482513427734,
      2992.6300048828125,
      2992.6300048828125,
      996.3512420654297,
      1000.1659393310547,
      1997.232437133789,
      1003.7422180175781,
      1990.7951354980469,
      1995.8019256591797,
      996.3512420654297,
      996.3512420654297,
      1997.232437133789,
      1994.1329956054688,
      2993.8220977783203,
      999.45068359375,
      1000.1659393310547,
      998.7354278564453,
      1993.417739868164,
      1990.5567169189453
    ],
    "drones.airsimdrone.reset": [
      5986.213684082031,
      4986.52458190918,
      5986.213684082031,
      4984.378814697266,
      5983.3526611328125
    ],
    "drones.airsimdrone.connect": [
      15959.26284790039
    ],
    "sensors.airsimcamera.connect": [
      5982.160568237305
    ],
    "component.connect": [
      0.0,
      0.0,
      0.0,
      0.0,
      0.0,
      0.0,
      0.0,
      0.0,
      0.0,
      0.0,
      0.0,
      0.0,
      0.0,
      0.0,
      0.0,
      0.0,
      0.0
    ],
    "drones.airsimdrone.take_off": [
      3985898.494720459,
      3429697.7519989014,
      3447037.4584198,
      3473152.3990631104
    ],
    "component.reset": [
      0.0,
      0.0,
      0.0,
      0.0,
      0.0,
      0.0,
      0.0,
      0.0,
      0.0,
      0.0,
      0.0,
      0.0,
      0.0,
      0.0,
      0.0,
      0.0,
      0.0,
      0.0,
      0.0,
      0.0
    ],
    "terminators.maxsteps.reset": [
      0.0,
      0.0,
      0.0,
      0.0
    ],
    "sensors.airsimcamera.sense": [
      950705.5282592773,
      876704.216003418,
      1706094.9802398682,
      1001661.5390777588,
      1029995.6798553467,
      1024152.5173187256,
      962421.6556549072,
      1089102.029800415,
      1006769.6571350098,
      824311.7332458496,
      890114.0689849854,
      1121876.7166137695,
      939302.2060394287,
      1046215.7726287842,
      980986.8335723877,
      846952.4383544922,
      1055886.98387146,
      1163444.0422058105,
      1043944.1204071045,
      973060.8463287354,
      881905.0788879395,
      969336.2712860107
    ],
    "component.check": [
      0.0,
      0.0,
      0.0,
      0.0,
      0.0,
      0.0,
      0.0,
      0.0,
      0.0,
      0.0,
      0.0,
      0.0,
      0.0,
      0.0,
      0.0,
      0.0,
      0.0,
      0.0,
      0.0,
      0.0,
      0.0,
      0.0,
      0.0,
      0.0,
      0.0,
      0.0,
      0.0,
      0.0,
      0.0,
      0.0,
      0.0,
      0.0,
      0.0,
      0.0,
      0.0,
      0.0,
      0.0,
      0.0,
      0.0,
      0.0,
      0.0,
      0.0,
      0.0,
      0.0
    ],
    "observations.observation.to_numpy": [
      0.0,
      0.0,
      0.0,
      0.0,
      0.0,
      0.0,
      0.0,
      0.0,
      0.0,
      0.0,
      0.0,
      0.0,
      0.0,
      0.0,
      0.0,
      0.0,
      0.0,
      0.0,
      0.0,
      0.0,
      0.0,
      0.0,
      0.0,
      0.0,
      0.0,
      0.0,
      0.0,
      0.0,
      0.0,
      0.0,
      0.0,
      0.0,
      0.0,
      0.0,
      0.0,
      0.0,
      0.0,
      0.0,
      0.0,
      0.0,
      0.0,
      0.0,
      0.0,
      0.0,
      0.0,
      0.0,
      0.0,
      996.8280792236328,
      0.0,
      0.0,
      0.0,
      0.0,
      0.0,
      0.0,
      0.0,
      0.0,
      0.0,
      0.0,
      0.0,
      0.0,
      0.0,
      0.0,
      0.0,
      0.0,
      0.0,
      0.0
    ],
    "observations.observation.set_data": [
      0.0,
      0.0,
      0.0,
      0.0,
      0.0,
      0.0,
      0.0,
      0.0,
      0.0,
      0.0,
      0.0,
      0.0,
      0.0,
      0.0,
      0.0,
      0.0,
      0.0,
      0.0,
      0.0,
      0.0,
      0.0,
      0.0,
      0.0,
      0.0,
      0.0,
      0.0,
      0.0,
      0.0,
      0.0,
      0.0,
      0.0,
      0.0,
      0.0,
      0.0,
      0.0,
      0.0,
      0.0,
      0.0,
      0.0,
      0.0,
      0.0,
      0.0,
      0.0,
      0.0
    ],
    "observations.observation.save_transformation": [
      0.0,
      0.0,
      0.0,
      0.0,
      0.0,
      0.0,
      0.0,
      978.7082672119141,
      0.0,
      0.0,
      0.0,
      0.0,
      0.0,
      0.0,
      0.0,
      0.0,
      0.0,
      0.0,
      0.0,
      0.0,
      0.0,
      0.0,
      0.0,
      0.0,
      0.0,
      0.0,
      0.0,
      0.0,
      0.0,
      0.0,
      0.0,
      0.0,
      998.7354278564453,
      0.0,
      0.0,
      0.0,
      0.0,
      0.0,
      0.0,
      0.0,
      0.0,
      0.0,
      0.0,
      0.0
    ],
    "transformers.resizeimage.transform": [
      11966.943740844727,
      5980.491638183594,
      9974.71809387207,
      8001.089096069336,
      12963.533401489258,
      8969.06852722168,
      8976.69792175293,
      8977.174758911133,
      4984.378814697266,
      3990.17333984375,
      8977.174758911133,
      6979.465484619141,
      7981.538772583008,
      6981.134414672852,
      5996.942520141602,
      7977.724075317383,
      5983.829498291016,
      4988.908767700195,
      6982.088088989258,
      7975.578308105469,
      6981.372833251953,
      6982.088088989258
    ],
    "transformers.normalizedepth.transform": [
      998.0201721191406,
      0.0,
      0.0,
      978.7082672119141,
      0.0,
      997.0664978027344,
      0.0,
      0.0,
      999.2122650146484,
      0.0,
      0.0,
      996.3512420654297,
      0.0,
      0.0,
      0.0,
      1001.8348693847656,
      0.0,
      996.1128234863281,
      997.0664978027344,
      0.0,
      0.0,
      998.0201721191406
    ],
    "observers.single.observe": [
      963670.4921722412,
      882684.7076416016,
      1716069.6983337402,
      1010641.33644104,
      1042959.2132568359,
      1034118.65234375,
      972394.7048187256,
      1098079.2045593262,
      1012753.2482147217,
      828301.9065856934,
      899091.2437438965,
      1129852.533340454,
      947283.7448120117,
      1053196.907043457,
      986983.7760925293,
      855931.9972991943,
      1061870.813369751,
      1169429.063796997,
      1051923.2749938965,
      981036.4246368408,
      888886.4517211914,
      977316.3795471191
    ],
    "environments.dronerl.reset": [
      4954555.511474609,
      5151753.664016724,
      4439005.613327026,
      4456452.131271362
    ],
    "drones.airsimdrone.move": [
      1263533.353805542,
      1404338.5982513428,
      1281317.2340393066,
      1267993.9270019531,
      1274986.0286712646,
      1267268.6576843262,
      1284748.5542297363,
      1264717.8173065186,
      1267776.7276763916,
      1315941.8106079102,
      1268516.7789459229,
      1282267.3320770264,
      1272137.4034881592,
      1265280.7235717773,
      1274591.2075042725,
      1274418.592453003,
      1269657.1350097656,
      1270876.169204712
    ],
    "actions.fixedmove.act": [
      1263533.353805542,
      1404338.5982513428,
      1281317.2340393066,
      1267993.9270019531,
      1274986.0286712646,
      1267268.6576843262,
      1284748.5542297363,
      1264717.8173065186,
      1267776.7276763916,
      1315941.8106079102,
      1269514.0838623047,
      1283269.6437835693,
      1272137.4034881592,
      1265280.7235717773,
      1274591.2075042725,
      1274418.592453003,
      1269657.1350097656,
      1271871.3283538818
    ],