{
  "time": {
    "units": "microseconds",
    "maps.airsimmap.connect": [
      7362868.785858154
    ],
    "drones.airsimdrone.reset": [
      1997.9476928710938
    ],
    "drones.airsimdrone.connect": [
      9992.599487304688
    ],
    "sensors.airsimcamera.connect": [
      3997.5643157958984
    ],
    "drones.airsimdrone.move_to": [
      1749769.2108154297,
      2698451.042175293,
      3000.2593994140625,
      999.9275207519531,
      0.0,
      10988.473892211914,
      999.2122650146484,
      998.4970092773438,
      277455.09147644043,
      2042795.6581115723,
      2836040.0199890137,
      2440166.234970093,
      2974903.345108032,
      3989487.409591675,
      153891.56341552734,
      7580845.594406128,
      10831964.73121643,
      998.9738464355469,
      7502440.452575684,
      2179645.538330078
    ],
    "drones.airsimdrone.check_collision": [
      1998.6629486083984,
      0.0,
      998.4970092773438,
      1997.232437133789,
      999.6891021728516,
      999.6891021728516,
      0.0,
      0.0,
      998.4970092773438,
      1000.1659393310547,
      2001.2855529785156,
      1999.3782043457031,
      1000.1659393310547,
      998.9738464355469,
      1000.4043579101562,
      999.2122650146484,
      0.0,
      1001.8348693847656,
      1000.6427764892578,
      998.2585906982422,
      2001.047134399414,
      997.7817535400391,
      0.0,
      998.0201721191406,
      999.6891021728516
    ],
    "drones.airsimdrone.take_off": [
      3635329.008102417
    ],
    "drones.airsimdrone.move": [
      1876691.1029815674,
      1338434.2193603516,
      1351534.8434448242,
      1347561.1209869385,
      1342650.4135131836,
      1344564.67628479,
      1355526.2088775635,
      1909480.094909668,
      2345688.1046295166,
      1361311.435699463,
      10679940.700531006,
      2686757.3261260986,
      6709072.589874268,
      10639725.20828247,
      5376816.272735596,
      8016327.857971191
    ],
    "drones.airsimdrone.hover": [
      1999.6166229248047
    ],
    "drones.airsimdrone.test": [
      5514019.727706909
    ],
    "sensors.airsimcamera.sense": [
      294792.65213012695,
      259815.93132019043
    ],
    "observations.image.write": [
      19985.91423034668,
      6995.439529418945,
      14990.568161010742,
      17985.58235168457
    ],
    "observations.image.display": [
      8139495.372772217,
      17705229.28237915
    ],
    "sensors.airsimcamera.test": [
      8456273.555755615
    ],
    "observations.observation.to_numpy": [
      0.0,
      0.0
    ],
    "observations.observation.set_data": [
      0.0,
      0.0
    ],
    "observations.observation.save_transformation": [
      0.0,
      0.0
    ],
    "transformers.resizeimage.transform": [
      4996.538162231445
    ],
    "transformers.normalizedepth.transform": [
      2997.875213623047
    ],
    "observers.single.test": [
      18013011.21711731
    ],
    "actions.fixedmove.act": [
      1338434.2193603516,
      1351534.8434448242,
      1347561.1209869385,
      1342650.4135131836,
      1344564.67628479,
      1355526.2088775635,
      1909480.094909668,
      2345688.1046295166,
      1361311.435699463
    ],
    "actions.fixedmove.test": [
      1338434.2193603516,
      1352534.532546997,
      1348560.8100891113,
      1342650.4135131836,
      1344564.67628479,
      1355526.2088775635,
      1909480.094909668,
      2345688.1046295166
    ],
    "actors.discreteactor.act": [
      1361311.435699463
    ],
    "actors.discreteactor.test": [
      1362310.8863830566
    ],
    "rewards.avoid.evaluate": [
      999.2122650146484,
      0.0,
      998.2585906982422
    ],
    "rewards.avoid.test": [
      10680939.91279602
    ],
    "drones.airsimdrone.get_position": [
      998.2585906982422,
      1000.1659393310547,
      999.2122650146484,
      999.2122650146484,
      1000.4043579101562,
      1998.4245300292969,
      998.4970092773438,
      999.45068359375,
      0.0,
      0.0,
      0.0
    ],
    "rewards.point.evaluate": [
      1000.1659393310547,
      999.2122650146484,
      1998.4245300292969,
      998.4970092773438
    ],
    "rewards.point.test": [
      9406821.250915527
    ],
    "rewarders.schema.evalute": [
      1996.755599975586
    ],
    "rewarders.schema.test": [
      1996.755599975586
    ],
    "terminators.collision.evaluate": [
      997.7817535400391,
      0.0
    ],
    "terminators.collision.test": [
      10641721.963882446
    ],
    "terminators.point.evaluate": [
      999.6891021728516,
      0.0
    ],
    "terminators.point.test": [
      13398142.099380493
    ]
  },
  "memory": {
    "units": "kilobytes",
    "Image__2": [
      144.519794
    ],
    "Image__1": [
      288.551088
    ],
    "Point__2": [
      0.300916
    ],
    "Collision__1": [
      0.144596
    ],
    "Schema__1": [
      0.314594
    ],
    "Point__1": [
      0.355628
    ],
    "Avoid__1": [
      0.140688
    ],
    "DiscreteActor__1": [
      0.313617
    ],
    "FixedMove__8": [
      0.281376
    ],
    "FixedMove__7": [
      0.277468
    ],
    "FixedMove__6": [
      0.27356
    ],
    "FixedMove__5": [
      0.27356
    ],
    "FixedMove__4": [
      0.27356
    ],
    "FixedMove__3": [
      0.27356
    ],
    "FixedMove__2": [
      0.27356
    ],
    "FixedMove__1": [
      0.27356
    ],
    "Single__1": [
      0.406432
    ],
    "NormalizeDepth__1": [
      0.130918
    ],
    "ResizeImage__1": [
      0.131895
    ],
    "AirSimCamera__1": [
      0.326318
    ],
    "AirSimDrone__1": [
      0.124079
    ],
    "AirSimMap__1": [
      0.747405
    ]
  },
  "event": {}
}