{
  "time": {
    "units": "microseconds",
    "maps.airsimmap.connect": [
      5250542.879104614
    ],
    "drones.airsimdrone.check_collision": [
      1998.6629486083984,
      1996.2787628173828,
      1993.8945770263672,
      1993.1793212890625,
      997.3049163818359,
      3005.7430267333984,
      3983.9744567871094,
      2990.72265625,
      2987.8616333007812,
      2987.1463775634766,
      997.5433349609375,
      933.1703186035156,
      995.3975677490234,
      998.2585906982422,
      1000.6427764892578,
      996.5896606445312,
      1993.1793212890625,
      997.3049163818359,
      1994.3714141845703,
      1996.0403442382812,
      1991.5103912353516,
      998.0201721191406,
      1002.5501251220703,
      1001.8348693847656,
      2002.2392272949219,
      1994.3714141845703,
      1992.940902709961,
      1995.086669921875,
      1992.4640655517578,
      2993.1068420410156,
      1996.0403442382812,
      1997.232437133789,
      996.3512420654297,
      993.9670562744141
    ],
    "drones.airsimdrone.reset": [
      11969.566345214844,
      8977.413177490234,
      4987.239837646484,
      9971.857070922852,
      6978.273391723633,
      4990.339279174805,
      4989.147186279297,
      5984.067916870117,
      6977.79655456543,
      6981.134414672852
    ],
    "drones.airsimdrone.connect": [
      30922.889709472656
    ],
    "sensors.airsimcamera.connect": [
      9974.71809387207
    ],
    "component.connect": [
      0.0,
      0.0,
      0.0,
      0.0,
      0.0,
      0.0,
      0.0,
      0.0,
      0.0,
      0.0,
      0.0,
      0.0,
      0.0,
      0.0,
      0.0,
      0.0,
      0.0
    ],
    "drones.airsimdrone.take_off": [
      3508609.2948913574,
      3461749.55368042,
      3775709.1522216797,
      3450166.2254333496,
      3433134.078979492,
      3438982.4867248535,
      3452604.055404663,
      3438485.622406006,
      9974.002838134766
    ],
    "component.reset": [
      0.0,
      0.0,
      0.0,
      0.0,
      0.0,
      0.0,
      0.0,
      0.0,
      0.0,
      0.0,
      0.0,
      0.0,
      0.0,
      0.0,
      0.0,
      0.0,
      0.0,
      0.0,
      0.0,
      0.0,
      0.0,
      0.0,
      0.0,
      0.0,
      0.0,
      0.0,
      0.0,
      0.0,
      0.0,
      0.0,
      0.0,
      0.0,
      0.0,
      0.0,
      0.0,
      0.0,
      0.0,
      0.0,
      0.0,
      0.0,
      0.0,
      0.0,
      0.0,
      0.0,
      0.0
    ],
    "terminators.maxsteps.reset": [
      0.0,
      0.0,
      0.0,
      0.0,
      0.0,
      0.0,
      0.0,
      0.0,
      0.0
    ],
    "sensors.airsimcamera.sense": [
      1206228.256225586,
      987893.1045532227,
      1026996.8509674072,
      1061913.7287139893,
      1790290.117263794,
      1123183.9656829834,
      1109760.046005249,
      952363.4910583496,
      967391.4909362793,
      946460.0086212158,
      993823.766708374,
      1366031.8851470947,
      997344.0170288086,
      1070508.4800720215,
      1056332.1113586426,
      932566.6427612305,
      864006.9961547852,
      1089631.5574645996,
      954913.6161804199,
      1178462.5053405762,
      1085558.1760406494,
      965897.0832824707,
      1123998.4035491943,
      1168799.4003295898
    ],
    "component.check": [
      0.0,
      0.0,
      0.0,
      0.0,
      0.0,
      0.0,
      0.0,
      0.0,
      0.0,
      0.0,
      0.0,
      0.0,
      0.0,
      0.0,
      0.0,
      0.0,
      0.0,
      0.0,
      0.0,
      0.0,
      0.0,
      0.0,
      0.0,
      0.0,
      0.0,
      0.0,
      0.0,
      0.0,
      0.0,
      0.0,
      0.0,
      0.0,
      0.0,
      0.0,
      0.0,
      0.0,
      0.0,
      0.0,
      0.0,
      0.0,
      0.0,
      0.0,
      0.0,
      0.0,
      0.0,
      0.0,
      0.0,
      0.0
    ],
    "observations.observation.to_numpy": [
      0.0,
      0.0,
      0.0,
      0.0,
      0.0,
      0.0,
      0.0,
      0.0,
      0.0,
      0.0,
      0.0,
      0.0,
      0.0,
      0.0,
      0.0,
      0.0,
      0.0,
      0.0,
      0.0,
      0.0,
      0.0,
      0.0,
      0.0,
      0.0,
      0.0,
      0.0,
      0.0,
      0.0,
      0.0,
      0.0,
      0.0,
      0.0,
      0.0,
      0.0,
      0.0,
      0.0,
      0.0,
      0.0,
      0.0,
      0.0,
      0.0,
      0.0,
      0.0,
      0.0,
      0.0,
      0.0,
      0.0,
      0.0,
      0.0,
      0.0,
      0.0,
      0.0,
      0.0,
      0.0,
      0.0,
      0.0,
      0.0,
      0.0,
      0.0,
      0.0,
      0.0,
      0.0,
      0.0,
      0.0,
      0.0,
      0.0,
      0.0,
      0.0,
      0.0,
      0.0,
      0.0,
      0.0
    ],
    "observations.observation.set_data": [
      0.0,
      0.0,
      0.0,
      0.0,
      0.0,
      0.0,
      0.0,
      0.0,
      0.0,
      0.0,
      0.0,
      0.0,
      0.0,
      0.0,
      0.0,
      0.0,
      0.0,
      0.0,
      0.0,
      0.0,
      0.0,
      0.0,
      0.0,
      0.0,
      0.0,
      0.0,
      0.0,
      0.0,
      0.0,
      0.0,
      0.0,
      0.0,
      0.0,
      0.0,
      0.0,
      0.0,
      0.0,
      0.0,
      0.0,
      0.0,
      0.0,
      0.0,
      0.0,
      0.0,
      0.0,
      0.0,
      0.0,
      0.0
    ],
    "observations.observation.save_transformation": [
      0.0,
      0.0,
      0.0,
      0.0,
      0.0,
      0.0,
      0.0,
      0.0,
      0.0,
      0.0,
      0.0,
      0.0,
      0.0,
      0.0,
      0.0,
      0.0,
      0.0,
      0.0,
      0.0,
      0.0,
      0.0,
      0.0,
      0.0,
      0.0,
      0.0,
      0.0,
      0.0,
      0.0,
      0.0,
      0.0,
      0.0,
      0.0,
      0.0,
      0.0,
      0.0,
      0.0,
      0.0,
      0.0,
      0.0,
      0.0,
      0.0,
      0.0,
      0.0,
      0.0,
      0.0,
      0.0,
      0.0,
      0.0
    ],
    "transformers.resizeimage.transform": [
      6996.631622314453,
      5985.97526550293,
      5998.134613037109,
      6980.657577514648,
      10981.79817199707,
      5983.114242553711,
      8976.936340332031,
      3989.9349212646484,
      3989.9349212646484,
      5965.232849121094,
      4988.908767700195,
      5991.220474243164,
      4986.763000488281,
      6978.9886474609375,
      6979.942321777344,
      6981.134414672852,
      6983.041763305664,
      5965.471267700195,
      6983.518600463867,
      9970.664978027344,
      9971.141815185547,
      5885.601043701172,
      9974.71809387207,
      6979.227066040039
    ],
    "transformers.normalizedepth.transform": [
      996.3512420654297,
      0.0,
      0.0,
      1003.7422180175781,
      989.1986846923828,
      0.0,
      0.0,
      997.3049163818359,
      0.0,
      997.0664978027344,
      0.0,
      0.0,
      0.0,
      0.0,
      0.0,
      0.0,
      0.0,
      0.0,
      0.0,
      0.0,
      997.7817535400391,
      0.0,
      0.0,
      0.0
    ],
    "observers.single.observe": [
      1214221.2390899658,
      993879.0798187256,
      1032994.9855804443,
      1070895.9102630615,
      1802261.1141204834,
      1129167.079925537,
      1118736.982345581,
      957350.7308959961,
      971381.425857544,
      953422.3079681396,
      998812.6754760742,
      1372023.105621338,
      1002330.7800292969,
      1077487.4687194824,
      1064308.6433410645,
      939547.7771759033,
      870990.0379180908,
      1095597.0287322998,
      961897.1347808838,
      1188433.1703186035,
      1096527.099609375,
      971782.6843261719,
      1133973.1216430664,
      1175778.6273956299
    ],
    "environments.dronerl.reset": [
      4731807.9471588135,
      4499731.779098511,
      5587942.123413086,
      4575881.481170654,
      4391546.726226807,
      4815994.739532471,
      4522896.766662598,
      4633896.589279175,
      1192733.7646484375
    ],