{
  "time": {
    "units": "microseconds",
    "maps.airsimmap.connect": [
      8266329.765319824
    ],
    "drones.airsimdrone.check_collision": [
      1995.086669921875,
      0.0,
      2001.7623901367188,
      998.7354278564453,
      1995.086669921875,
      1995.086669921875,
      1995.5635070800781,
      1994.1329956054688,
      2993.5836791992188,
      1992.2256469726562,
      999.9275207519531,
      1999.6166229248047,
      996.1128234863281,
      1991.9872283935547,
      1995.5635070800781,
      1994.8482513427734,
      1992.2256469726562,
      1992.940902709961,
      996.5896606445312,
      993.0133819580078,
      1992.7024841308594,
      1989.3646240234375,
      1991.7488098144531,
      1994.3714141845703
    ],
    "drones.airsimdrone.reset": [
      7980.585098266602,
      3985.6433868408203,
      6978.750228881836,
      5980.014801025391,
      2995.014190673828,
      8942.842483520508
    ],
    "drones.airsimdrone.connect": [
      20945.072174072266
    ],
    "sensors.airsimcamera.connect": [
      7977.008819580078
    ],
    "component.connect": [
      0.0,
      0.0,
      0.0,
      0.0,
      0.0,
      0.0,
      0.0,
      0.0,
      0.0,
      0.0,
      0.0,
      0.0,
      0.0,
      0.0,
      0.0,
      0.0
    ],
    "drones.airsimdrone.take_off": [
      4429490.566253662,
      4482681.512832642,
      3888617.515563965,
      3561468.8396453857,
      2992.6300048828125
    ],
    "component.reset": [
      0.0,
      0.0,
      0.0,
      0.0,
      0.0,
      0.0,
      0.0,
      0.0,
      0.0,
      0.0,
      0.0,
      0.0,
      0.0,
      0.0,
      0.0,
      0.0,
      0.0,
      0.0,
      0.0,
      0.0,
      0.0,
      0.0,
      0.0,
      0.0,
      0.0
    ],
    "terminators.maxsteps.reset": [
      0.0,
      0.0,
      0.0,
      0.0,
      0.0
    ],
    "sensors.airsimcamera.sense": [
      1136243.8201904297,
      1095980.167388916,
      959824.800491333,
      1422020.673751831,
      1433255.4340362549,
      1188075.304031372,
      973157.4058532715,
      1017473.2208251953,
      980380.5351257324,
      1023084.6405029297,
      939140.796661377,
      1054061.4128112793,
      1004819.8699951172,
      843471.2886810303,
      954508.0661773682,
      1266807.0793151855,
      1450086.3552093506,
      1390059.471130371
    ],
    "component.check": [
      0.0,
      0.0,
      0.0,
      0.0,
      0.0,
      0.0,
      0.0,
      0.0,
      0.0,
      0.0,
      0.0,
      0.0,
      0.0,
      0.0,
      0.0,
      0.0,
      0.0,
      0.0,
      0.0,
      0.0,
      0.0,
      0.0,
      0.0,
      0.0,
      0.0,
      0.0,
      0.0,
      0.0,
      0.0,
      0.0,
      0.0,
      0.0,
      0.0,
      0.0,
      0.0,
      0.0
    ],
    "observations.observation.to_numpy": [
      0.0,
      0.0,
      0.0,
      0.0,
      0.0,
      0.0,
      0.0,
      0.0,
      0.0,
      0.0,
      0.0,
      0.0,
      0.0,
      0.0,
      0.0,
      0.0,
      0.0,
      0.0,
      0.0,
      0.0,
      0.0,
      0.0,
      0.0,
      0.0,
      0.0,
      0.0,
      0.0,
      0.0,
      0.0,
      0.0,
      0.0,
      0.0,
      0.0,
      0.0,
      0.0,
      0.0,
      0.0,
      0.0,
      0.0,
      0.0,
      0.0,
      0.0,
      0.0,
      0.0,
      0.0,
      0.0,
      0.0,
      0.0,
      0.0,
      0.0,
      0.0,
      0.0,
      0.0,
      0.0
    ],
    "observations.observation.set_data": [
      0.0,
      0.0,
      0.0,
      0.0,
      0.0,
      0.0,
      0.0,
      0.0,
      0.0,
      0.0,
      0.0,
      0.0,
      0.0,
      0.0,
      0.0,
      0.0,
      0.0,
      0.0,
      0.0,
      0.0,
      0.0,
      0.0,
      0.0,
      0.0,
      0.0,
      0.0,
      0.0,
      0.0,
      0.0,
      0.0,
      0.0,
      0.0,
      0.0,
      0.0,
      0.0,
      0.0
    ],
    "observations.observation.save_transformation": [
      0.0,
      0.0,
      0.0,
      996.1128234863281,
      0.0,
      0.0,
      0.0,
      0.0,
      0.0,
      0.0,
      0.0,
      0.0,
      0.0,
      0.0,
      0.0,
      0.0,
      0.0,
      0.0,
      0.0,
      0.0,
      0.0,
      0.0,
      0.0,
      0.0,
      0.0,
      0.0,
      0.0,
      0.0,
      0.0,
      0.0,
      0.0,
      0.0,
      1002.3117065429688,
      0.0,
      0.0,
      0.0
    ],
    "transformers.resizeimage.transform": [
      5985.260009765625,
      5982.160568237305,
      8974.790573120117,
      12968.301773071289,
      9970.426559448242,
      12969.017028808594,
      7978.200912475586,
      3988.504409790039,
      6982.088088989258,
      7979.393005371094,
      5982.160568237305,
      6977.319717407227,
      8970.022201538086,
      7979.631423950195,
      4990.100860595703,
      7976.293563842773,
      8980.751037597656,
      8090.734481811523
    ],
    "transformers.normalizedepth.transform": [
      995.3975677490234,
      996.1128234863281,
      0.0,
      1001.3580322265625,
      0.0,
      0.0,
      999.9275207519531,
      0.0,
      0.0,
      0.0,
      0.0,
      0.0,
      0.0,
      0.0,
      0.0,
      0.0,
      0.0,
      997.7817535400391
    ],
    "observers.single.observe": [
      1143224.4777679443,
      1102958.4407806396,
      968799.5910644531,
      1435990.333557129,
      1443225.8605957031,
      1201044.3210601807,
      982135.534286499,
      1021461.7252349854,
      987362.6232147217,
      1031064.0335083008,
      945122.9572296143,
      1061038.7325286865,
      1013789.8921966553,
      851450.9201049805,
      959498.1670379639,
      1274783.3728790283,
      1459067.1062469482,
      1399147.9873657227
    ],
    "environments.dronerl.reset": [
      5576700.687408447,
      5925650.596618652,
      4925661.563873291,
      4839247.226715088,
      1411083.459854126
    ],
    "drones.airsimdrone.move": [
      1311973.5717773438,
      1536895.751953125,
      1430045.3662872314,
      1280319.2138671875,
      1337691.307067871,
      1292794.2276000977,
      1442956.4476013184,
      1324512.9585266113,
      1336563.8256072998,
      1339026.689529419,
      1788542.9859161377,
      1440773.2486724854,
      1403143.8827514648
    ],
    "actions.fixedmove.act": [
      1311973.5717773438,
      1536895.751953125,
      1430045.3662872314,
      1280319.2138671875,
      1338684.5588684082,
      1292794.2276000977,
      1442956.4476013184,
      1324512.9585266113,
      1336563.8256072998,
      1339026.689529419,
      1788542.9859161377,
      1440773.2486724854,
      1403143.8827514648
    ],
    "actors.discreteactor.act": [
      1311973.5717773438,
      1536895.751953125,
      1430045.3662872314,
      1280319.2138671875,
      1338684.5588684082,
      1292794.2276000977,
      1442956.4476013184,
      1324512.9585266113,
      1336563.8256072998,
      1339026.689529419,
      1788542.9859161377,
      1440773.2486724854,
      1403143.8827514648
    ],
    "rewards.avoid.evaluate": [
      998.7354278564453,
      1995.086669921875,
      1994.1329956054688,
      2993.5836791992188,
      1992.2256469726562,
      999.9275207519531,
      1999.6166229248047,
      1995.5635070800781,
      1994.8482513427734,
      1992.2256469726562,
      1992.940902709961,
      996.5896606445312,
      1989.3646240234375
    ],
    "drones.airsimdrone.get_position": [
      2044.4393157958984,
      2995.4910278320312,
      1992.7024841308594,
      3988.7428283691406,
      2991.4379119873047,
      2989.7689819335938,
      1993.1793212890625,
      2989.2921447753906,
      1995.086669921875,
      2992.391586303711,
      2993.345260620117,
      1993.1793212890625,
      2991.914749145508
    ],